Title,Photos Folder,Photos Names,Price,Category,Condition,Brand,Description,Location,Groups
"Combo Bình Xăng Zippo 133Ml Kèm Tim, Đá Giá Rẻ - ZPK7",C:\Users\luanv\OneDrive\Pictures\Ban-hang\LongPK\zippo,ZPK7 (1).jpg;ZPK7 (2).jpg;ZPK7 (3).jpg,65000,Công cụ,Mới,Xuan Long PK,"Combo 65k bao gồm: 
 - 1 Bình châm Xăng Zippo 133ml 
 - 7 viên đá lửa
 - 1 tim lửa có sợi kim loại
=> Ship 25k ngoại tỉnh
=> Ship 20k nội tỉnh
thời gian giao hàng 1-3 ngày.
=> mua 2 miễn ship 
cần tư vấn hoặc xem nhiều sản phẩm hơn inbox miễn phí.
ĐC:  kh1 -Chánh phú hoà-  bến cát,bình dương (KH1 giao nhau NH9)
vị trí google map: Xuân Long PK",Tây Ninh,Mua Bán Châu Thành - Tây Ninh; Phụ Kiện Điện Thoại & PC Tây Ninh; Chợ nội thất Tây Ninh; Chợ Tây Ninh; Chợ Chà Là Dương Minh Châu Tây Ninh; Chợ Nhỏ Bình Dương - Nơi buôn bán và chia sẻ mọi thứ; CHỢ ONLINE  MIỀN TÂY; Chợ Tây Ninh Online; RAO VẶT TÂY NINH✅; CHỢ TP TÂY NINH BĐS Á CHÂU ✅; Chợ ONLINE TÂY NINH; THANH LÝ ĐỒ CŨ - HÀNG 2ND - BÌNH DƯƠNG; Cộng Đồng Tân Châu Tây Ninh; CÔNG NHÂN KCN PHƯỚC ĐÔNG; Chợ Tốt - Tây Ninh; Hội Thanh Lý Đồ Cũ Bình Dương
Bộ Sạc Điện Thoại Samsung Type C (Màu Đen) Chất Lượng - LPK10,C:\Users\luanv\OneDrive\Pictures\Ban-hang\LongPK,LPK10 (1).jpg;LPK10 (2).jpg;LPK10 (1).webp,90000,Điện thoại di động,Mới,A,"Bộ sạc nhanh Sam Sung (đen) sạc điện thoại không nóng máy, không lag, bảo vệ pin ,hỗ trợ sạc nhanh

=> Bảo hành 1 tháng 
=> Ship 25k ngoại tỉnh
=> mua 2 miễn ship cần tư vấn hoặc xem nhiều sản phẩm hơn kb zalo: các mặt hàng như: sạc, tai nghe,loa, pin dự phòng,cáp chuyển,zippo, quẹt lửa,….. 
-> để lại ĐỊA CHỈ + SDT + TÊN chốt đơn.",Tây Ninh,Mua Bán Châu Thành - Tây Ninh; Phụ Kiện Điện Thoại & PC Tây Ninh; Chợ nội thất Tây Ninh; Chợ Tây Ninh; Chợ Chà Là Dương Minh Châu Tây Ninh; Chợ Nhỏ Bình Dương - Nơi buôn bán và chia sẻ mọi thứ; CHỢ ONLINE  MIỀN TÂY; Chợ Tây Ninh Online; RAO VẶT TÂY NINH✅; CHỢ TP TÂY NINH BĐS Á CHÂU ✅; Chợ ONLINE TÂY NINH; THANH LÝ ĐỒ CŨ - HÀNG 2ND - BÌNH DƯƠNG; Cộng Đồng Tân Châu Tây Ninh; CÔNG NHÂN KCN PHƯỚC ĐÔNG; Chợ Tốt - Tây Ninh; Hội Thanh Lý Đồ Cũ Bình Dương
Bộ Sạc Nhanh Điện Thoại Samsung Type C (25W) Giá Rẻ - LPK11,C:\Users\luanv\OneDrive\Pictures\Ban-hang\LongPK,LPK11.jpg;LPK11.webp,100000,Điện thoại di động,Mới,A,"Bộ sạc nhanh Sam Sung (Trắng) 2 đầu dây sạc type C
- sạc điện thoại không nóng máy, không lag, bảo vệ pin ,hỗ trợ sạc nhanh

=> Bảo hành 1 tháng 
=> Ship 25k ngoại tỉnh
=> mua 2 miễn ship cần tư vấn hoặc xem nhiều sản phẩm hơn kb zalo: các mặt hàng như: sạc, tai nghe,loa, pin dự phòng,cáp chuyển,zippo, quẹt lửa,….. 
-> để lại ĐỊA CHỈ + SDT + TÊN chốt đơn.",Tây Ninh,Mua Bán Châu Thành - Tây Ninh; Phụ Kiện Điện Thoại & PC Tây Ninh; Chợ nội thất Tây Ninh; Chợ Tây Ninh; Chợ Chà Là Dương Minh Châu Tây Ninh; Chợ Nhỏ Bình Dương - Nơi buôn bán và chia sẻ mọi thứ; CHỢ ONLINE  MIỀN TÂY; Chợ Tây Ninh Online; RAO VẶT TÂY NINH✅; CHỢ TP TÂY NINH BĐS Á CHÂU ✅; Chợ ONLINE TÂY NINH; THANH LÝ ĐỒ CŨ - HÀNG 2ND - BÌNH DƯƠNG; Cộng Đồng Tân Châu Tây Ninh; CÔNG NHÂN KCN PHƯỚC ĐÔNG; Chợ Tốt - Tây Ninh; Hội Thanh Lý Đồ Cũ Bình Dương
Bộ Sạc Nhanh Điện Thoại đầu USB - Micro hiệu Oppo Giá Rẻ - LPK12,C:\Users\luanv\OneDrive\Pictures\Ban-hang\LongPK,LPK12.jpg,110000,Điện thoại di động,Mới,A,"Bộ sạc nhanh Sam Sung (Trắng) 2 đầu dây sạc type C
- sạc điện thoại không nóng máy, không lag, bảo vệ pin ,hỗ trợ sạc nhanh

=> Bảo hành 1 tháng 
=> Ship 25k ngoại tỉnh
=> mua 2 miễn ship cần tư vấn hoặc xem nhiều sản phẩm hơn kb zalo: các mặt hàng như: sạc, tai nghe,loa, pin dự phòng,cáp chuyển,zippo, quẹt lửa,….. 
-> để lại ĐỊA CHỈ + SDT + TÊN chốt đơn.",Tây Ninh,Mua Bán Châu Thành - Tây Ninh; Phụ Kiện Điện Thoại & PC Tây Ninh; Chợ nội thất Tây Ninh; Chợ Tây Ninh; Chợ Chà Là Dương Minh Châu Tây Ninh; Chợ Nhỏ Bình Dương - Nơi buôn bán và chia sẻ mọi thứ; CHỢ ONLINE  MIỀN TÂY; Chợ Tây Ninh Online; RAO VẶT TÂY NINH✅; CHỢ TP TÂY NINH BĐS Á CHÂU ✅; Chợ ONLINE TÂY NINH; THANH LÝ ĐỒ CŨ - HÀNG 2ND - BÌNH DƯƠNG; Cộng Đồng Tân Châu Tây Ninh; CÔNG NHÂN KCN PHƯỚC ĐÔNG; Chợ Tốt - Tây Ninh; Hội Thanh Lý Đồ Cũ Bình Dương
